x-axis,F1
second,Volt
-6.760000E-03,
-6.756600E-03,-14.638317E-03
-6.753200E-03,-7.329239E-03
-6.749800E-03,-80.358401E-03
-6.746400E-03,-7.361186E-03
-6.743000E-03,-36.135E-06
-6.739600E-03,-58.415196E-03
-6.736200E-03,-58.540699E-03
-6.732800E-03,-36.135E-06
-6.729400E-03,-36.487964E-03
-6.726000E-03,-29.178887E-03
-6.722600E-03,-21.869810E-03
-6.719200E-03,-14.560733E-03
-6.715800E-03,-7.251656E-03
-6.712400E-03,-36.135E-06
-6.709000E-03,-36.135E-06
-6.705600E-03,-65.646690E-03
-6.702200E-03,-36.135E-06
-6.698800E-03,-36.135E-06
-6.695400E-03,-36.135E-06
-6.692000E-03,-36.410381E-03
-6.688600E-03,-29.101303E-03
-6.685200E-03,-36.135E-06
-6.681800E-03,-36.135E-06
-6.678400E-03,-7.174072E-03
-6.675000E-03,-80.187260E-03
-6.671600E-03,-36.135E-06
-6.668200E-03,-36.135E-06
-6.664800E-03,+4.979944333E+00
-6.661400E-03,+4.929029517E+00
-6.658000E-03,+4.899622068E+00
-6.654600E-03,+4.899622068E+00
-6.651200E-03,+4.899622068E+00
-6.647800E-03,+4.899622068E+00
-6.644400E-03,+4.885252638E+00
-6.641000E-03,+4.812239449E+00
-6.637600E-03,+4.819051078E+00
-6.634200E-03,+4.658655271E+00
-6.630800E-03,+4.658655271E+00
-6.627400E-03,+4.578333005E+00
-6.624000E-03,+4.527495773E+00
-6.620600E-03,+4.410954430E+00
-6.617200E-03,+4.337366208E+00
-6.613800E-03,+4.285953943E+00
-6.610400E-03,+4.198322601E+00
-6.607000E-03,+4.148137985E+00
-6.603600E-03,+4.089416643E+00
-6.600200E-03,+3.935754880E+00
-6.596800E-03,+3.855432615E+00
-6.593400E-03,+3.709732546E+00
-6.590000E-03,+3.694788083E+00
-6.586600E-03,+3.584903201E+00
-6.583200E-03,+3.453821287E+00
-6.579800E-03,+3.373499021E+00
-6.576400E-03,+3.293176755E+00
-6.573000E-03,+3.212854490E+00
-6.569600E-03,+3.052209958E+00
-6.566200E-03,+2.971887693E+00
-6.562800E-03,+2.891161535E+00
-6.559400E-03,+2.730920896E+00
-6.556000E-03,+2.650598630E+00
-6.552600E-03,+2.454294081E+00
-6.549200E-03,+2.409631833E+00
-6.545800E-03,+2.292360290E+00
-6.542400E-03,+2.204728947E+00
-6.539000E-03,+2.059587938E+00
-6.535600E-03,+1.927698240E+00
-6.532200E-03,+1.847375974E+00
-6.528800E-03,+1.693559044E+00
-6.525400E-03,+1.527049863E+00
-6.522000E-03,+1.590828071E+00
-6.518600E-03,+1.315319375E+00
-6.515200E-03,+1.307528822E+00
-6.511800E-03,+1.145362280E+00
-6.508400E-03,+1.044153318E+00
-6.505000E-03,+883.508787E-03
-6.501600E-03,+803.186521E-03
-6.498200E-03,+781.818349E-03
-6.494800E-03,+576.278819E-03
-6.491400E-03,+562.219724E-03
-6.488000E-03,+401.575193E-03
-6.484600E-03,+321.252927E-03
-6.481200E-03,+240.930662E-03
-6.477800E-03,+160.608396E-03
-6.474400E-03,-36.135E-06
-6.471000E-03,-80.358401E-03
-6.467600E-03,-205.094190E-03
-6.464200E-03,-321.325198E-03
-6.460800E-03,-380.356875E-03
-6.457400E-03,-481.969729E-03
-6.454000E-03,-562.291995E-03
-6.450600E-03,-642.614260E-03
-6.447200E-03,-722.936526E-03
-6.443800E-03,-818.513589E-03
-6.440400E-03,-941.339448E-03
-6.437000E-03,-1.014352636E+00
-6.433600E-03,-1.087365825E+00
-6.430200E-03,-1.124547854E+00
-6.426800E-03,-1.256670304E+00
-6.423400E-03,-1.263979381E+00
-6.420000E-03,-1.431932989E+00
-6.416600E-03,-1.439242067E+00
-6.413200E-03,-1.526159182E+00
-6.409800E-03,-1.534182487E+00
-6.406400E-03,-1.591149066E+00
-6.403000E-03,-1.629122907E+00
-6.399600E-03,-1.737175443E+00
-6.396200E-03,-1.767125979E+00
-6.392800E-03,-1.767125979E+00
-6.389400E-03,-1.847448245E+00
-6.386000E-03,-1.906635090E+00
-6.382600E-03,-1.927770510E+00
-6.379200E-03,-2.081897775E+00
-6.375800E-03,-2.008092776E+00
-6.372400E-03,-2.016193664E+00
-6.369000E-03,-2.088415042E+00
-6.365600E-03,-2.146018265E+00
-6.362200E-03,-2.168737307E+00
-6.358800E-03,-2.168737307E+00
-6.355400E-03,-2.168737307E+00
-6.352000E-03,-2.249059573E+00
-6.348600E-03,-2.249059573E+00
-6.345200E-03,-2.182486067E+00
-6.341800E-03,-2.249059573E+00
-6.338400E-03,-2.169606702E+00
-6.335000E-03,-2.185094251E+00
-6.331600E-03,-2.264547122E+00
-6.328200E-03,-2.226262946E+00
-6.324800E-03,-2.299276135E+00
-6.321400E-03,-2.329381838E+00
-6.318000E-03,-2.293783431E+00
-6.314600E-03,-2.168737307E+00
-6.311200E-03,-2.189717560E+00
-6.307800E-03,-2.182408483E+00
-6.304400E-03,-2.175099406E+00
-6.301000E-03,-2.248112594E+00
-6.297600E-03,-2.168737307E+00
-6.294200E-03,-2.168737307E+00
-6.290800E-03,-2.168737307E+00
-6.287400E-03,-2.168737307E+00
-6.284000E-03,-2.088415042E+00
-6.280600E-03,-2.088415042E+00
-6.277200E-03,-2.060203295E+00
-6.273800E-03,-1.948673180E+00
-6.270400E-03,-1.927770510E+00
-6.267000E-03,-1.934055025E+00
-6.263600E-03,-1.848472807E+00
-6.260200E-03,-1.847448245E+00
-6.256800E-03,-1.831805528E+00
-6.253400E-03,-1.801544657E+00
-6.250000E-03,-1.767125979E+00
-6.246600E-03,-1.767125979E+00
-6.243200E-03,-1.651360474E+00
-6.239800E-03,-1.686803713E+00
-6.236400E-03,-1.585656362E+00
-6.233000E-03,-1.526159182E+00
-6.229600E-03,-1.452043848E+00
-6.226200E-03,-1.523954890E+00
-6.222800E-03,-1.373925874E+00
-6.219400E-03,-1.349794350E+00
-6.216000E-03,-1.285192385E+00
-6.212600E-03,-1.254853930E+00
-6.209200E-03,-1.167222587E+00
-6.205800E-03,-1.159913510E+00
-6.202400E-03,-1.068434696E+00
-6.199000E-03,-1.023478087E+00
-6.195600E-03,-1.017348739E+00
-6.192200E-03,-957.773976E-03
-6.188800E-03,-884.760787E-03
-6.185400E-03,-875.092250E-03
-6.182000E-03,-722.936526E-03
-6.178600E-03,-699.829564E-03
-6.175200E-03,-642.614260E-03
-6.171800E-03,-685.211410E-03
-6.168400E-03,-562.291995E-03
-6.165000E-03,-481.969729E-03
-6.161600E-03,-481.969729E-03
-6.158200E-03,-401.647463E-03
-6.154800E-03,-395.595700E-03
-6.151400E-03,-241.002932E-03
-6.148000E-03,-249.569323E-03
-6.144600E-03,-241.002932E-03
-6.141200E-03,-160.680667E-03
-6.137800E-03,-160.680667E-03
-6.134400E-03,-36.135E-06
-6.131000E-03,-80.358401E-03
-6.127600E-03,-24.555578E-03
-6.124200E-03,+59.693796E-03
-6.120800E-03,+80.286130E-03
-6.117400E-03,+160.608396E-03
-6.114000E-03,+239.595764E-03
-6.110600E-03,+232.286687E-03
-6.107200E-03,+240.930662E-03
-6.103800E-03,+344.515056E-03
-6.100400E-03,+451.326252E-03
-6.097000E-03,+363.694909E-03
-6.093600E-03,+401.575193E-03
-6.090200E-03,+454.073631E-03
-6.086800E-03,+481.897458E-03
-6.083400E-03,+481.897458E-03
-6.080000E-03,+562.219724E-03
-6.076600E-03,+562.219724E-03
-6.073200E-03,+642.541990E-03
-6.069800E-03,+578.250360E-03
-6.066400E-03,+642.541990E-03
-6.063000E-03,+692.215465E-03
-6.059600E-03,+680.499857E-03
-6.056200E-03,+722.864255E-03
-6.052800E-03,+775.440277E-03
-6.049400E-03,+743.301422E-03
-6.046000E-03,+803.186521E-03
-6.042600E-03,+877.689774E-03
-6.039200E-03,+882.018721E-03
-6.035800E-03,+811.985663E-03
-6.032400E-03,+883.508787E-03
-6.029000E-03,+883.508787E-03
-6.025600E-03,+883.508787E-03
-6.022200E-03,+925.795601E-03
-6.018800E-03,+838.164258E-03
-6.015400E-03,+911.177447E-03
-6.012000E-03,+943.471469E-03
-6.008600E-03,+963.831052E-03
-6.005200E-03,+889.250215E-03
-6.001800E-03,+963.831052E-03
-5.998400E-03,+892.385513E-03
-5.995000E-03,+963.831052E-03
-5.991600E-03,+940.336172E-03
-5.988200E-03,+963.831052E-03
-5.984800E-03,+883.508787E-03
-5.981400E-03,+963.831052E-03
-5.978000E-03,+883.508787E-03
-5.974600E-03,+903.790786E-03
-5.971200E-03,+937.885209E-03
-5.967800E-03,+958.167208E-03
-5.964400E-03,+883.508787E-03
-5.961000E-03,+954.876742E-03
-5.957600E-03,+947.567665E-03
-5.954200E-03,+859.936322E-03
-5.950800E-03,+803.186521E-03
-5.947400E-03,+841.377140E-03
-5.944000E-03,+838.009091E-03
-5.940600E-03,+803.186521E-03
-5.937200E-03,+743.068670E-03
-5.933800E-03,+790.291183E-03
-5.930400E-03,+734.036777E-03
-5.927000E-03,+722.864255E-03
-5.923600E-03,+722.864255E-03
-5.920200E-03,+722.864255E-03
-5.916800E-03,+642.541990E-03
-5.913400E-03,+691.905130E-03
-5.910000E-03,+642.541990E-03
-5.906600E-03,+688.119269E-03
-5.903200E-03,+642.541990E-03
-5.899800E-03,+622.415158E-03
-5.896400E-03,+575.037478E-03
-5.893000E-03,+562.219724E-03
-5.889600E-03,+562.219724E-03
-5.886200E-03,+553.110247E-03
-5.882800E-03,+481.897458E-03
-5.879400E-03,+425.302825E-03
-5.876000E-03,+481.897458E-03
-5.872600E-03,+439.920979E-03
-5.869200E-03,+401.575193E-03
-5.865800E-03,+374.216868E-03
-5.862400E-03,+321.252927E-03
-5.859000E-03,+321.252927E-03
-5.855600E-03,+321.252927E-03
-5.852200E-03,+240.930662E-03
-5.848800E-03,+240.930662E-03
-5.845400E-03,+177.104534E-03
-5.842000E-03,+240.930662E-03
-5.838600E-03,+209.816369E-03
-5.835200E-03,+202.507291E-03
-5.831800E-03,+160.608396E-03
-5.828400E-03,+80.286130E-03
-5.825000E-03,+80.286130E-03
-5.821600E-03,+80.286130E-03
-5.818200E-03,+74.932621E-03
-5.814800E-03,-36.135E-06
-5.811400E-03,-36.135E-06
-5.808000E-03,-16.609858E-03
-5.804600E-03,-56.475601E-03
-5.801200E-03,-80.358401E-03
-5.797800E-03,-80.358401E-03
-5.794400E-03,-80.358401E-03
-5.791000E-03,-133.477509E-03
-5.787600E-03,-160.680667E-03
-5.784200E-03,-160.680667E-03
-5.780800E-03,-235.727007E-03
-5.777400E-03,-241.002932E-03
-5.774000E-03,-231.660703E-03
-5.770600E-03,-241.002932E-03
-5.767200E-03,-241.002932E-03
-5.763800E-03,-272.272393E-03
-5.760400E-03,-321.325198E-03
-5.757000E-03,-321.325198E-03
-5.753600E-03,-294.199624E-03
-5.750200E-03,-321.325198E-03
-5.746800E-03,-308.817779E-03
-5.743400E-03,-326.523540E-03
-5.740000E-03,-399.536728E-03
-5.736600E-03,-401.647463E-03
-5.733200E-03,-401.647463E-03
-5.729800E-03,-377.609496E-03
-5.726400E-03,-401.647463E-03
-5.723000E-03,-443.313608E-03
-5.719600E-03,-401.647463E-03
-5.716200E-03,-428.695453E-03
-5.712800E-03,-481.969729E-03
-5.709400E-03,-481.969729E-03
-5.706000E-03,-552.050479E-03
-5.702600E-03,-481.969729E-03
-5.699200E-03,-481.969729E-03
-5.695800E-03,-465.163255E-03
-5.692400E-03,-481.969729E-03
-5.689000E-03,-464.496720E-03
-5.685600E-03,-523.558289E-03
-5.682200E-03,-481.969729E-03
-5.678800E-03,-535.321589E-03
-5.675400E-03,-542.630666E-03
-5.672000E-03,-494.321981E-03
-5.668600E-03,-557.248820E-03
-5.665200E-03,-560.026092E-03
-5.661800E-03,-472.394749E-03
-5.658400E-03,-528.523880E-03
-5.655000E-03,-538.098860E-03
-5.651600E-03,-499.287571E-03
-5.648200E-03,-523.480706E-03
-5.644800E-03,-528.090095E-03
-5.641400E-03,-535.399173E-03
-5.638000E-03,-562.291995E-03
-5.634600E-03,-413.922131E-03
-5.631200E-03,-481.969729E-03
-5.627800E-03,-484.313216E-03
-5.624400E-03,-420.952591E-03
-5.621000E-03,-481.969729E-03
-5.617600E-03,-457.699011E-03
-5.614200E-03,-433.227259E-03
-5.610800E-03,-440.536336E-03
-5.607400E-03,-435.771779E-03
-5.604000E-03,-401.647463E-03
-5.600600E-03,-481.969729E-03
-5.597200E-03,-401.647463E-03
-5.593800E-03,-401.647463E-03
-5.590400E-03,-401.647463E-03
-5.587000E-03,-472.239581E-03
-5.583600E-03,-321.325198E-03
-5.580200E-03,-401.647463E-03
-5.576800E-03,-369.990084E-03
-5.573400E-03,-321.325198E-03
-5.570000E-03,-367.600732E-03
-5.566600E-03,-294.478241E-03
-5.563200E-03,-321.325198E-03
-5.559800E-03,-321.325198E-03
-5.556400E-03,-401.647463E-03
-5.553000E-03,-243.501587E-03
-5.549600E-03,-241.002932E-03
-5.546200E-03,-241.002932E-03
-5.542800E-03,-296.899312E-03
-5.539400E-03,-241.002932E-03
-5.536000E-03,-241.002932E-03
-5.532600E-03,-241.002932E-03
-5.529200E-03,-241.002932E-03
-5.525800E-03,-260.353926E-03
-5.522400E-03,-228.961016E-03
-5.519000E-03,-236.270093E-03
-5.515600E-03,-163.256905E-03
-5.512200E-03,-301.554567E-03
-5.508800E-03,-223.808540E-03
-5.505400E-03,-216.499462E-03
-5.502000E-03,-80.358401E-03
-5.498600E-03,-119.480025E-03
-5.495200E-03,-80.358401E-03
-5.491800E-03,-160.680667E-03
-5.488400E-03,-80.358401E-03
-5.485000E-03,-80.358401E-03
-5.481600E-03,-80.358401E-03
-5.478200E-03,-36.135E-06
-5.474800E-03,-70.395502E-03
-5.471400E-03,-36.135E-06
-5.468000E-03,-24.617189E-03
-5.464600E-03,-36.135E-06
-5.461200E-03,-39.235343E-03
-5.457800E-03,+46.472150E-03
-5.454400E-03,-80.358401E-03
-5.451000E-03,+61.090304E-03
-5.447600E-03,-36.135E-06
-5.444200E-03,+75.708459E-03
-5.440800E-03,+77.554725E-03
-5.437400E-03,+80.286130E-03
-5.434000E-03,+62.936570E-03
-5.430600E-03,+55.627493E-03
-5.427200E-03,+31.931579E-03
-5.423800E-03,-36.135E-06
-5.420400E-03,+80.286130E-03
-5.417000E-03,+80.286130E-03
-5.413600E-03,+19.082107E-03
-5.410200E-03,+11.773030E-03
-5.406800E-03,+160.608396E-03
-5.403400E-03,+77.477141E-03
-5.400000E-03,+150.490329E-03
-5.396600E-03,+17.391009E-03
-5.393200E-03,+135.872175E-03
-5.389800E-03,+128.563098E-03
-5.386400E-03,+160.608396E-03
-5.383000E-03,+160.608396E-03
-5.379600E-03,+134.258660E-03
-5.376200E-03,+221.890003E-03
-5.372800E-03,+160.608396E-03
-5.369400E-03,+84.708634E-03
-5.366000E-03,+83.172704E-03
-5.362600E-03,+90.481781E-03
-5.359200E-03,+160.608396E-03
-5.355800E-03,+240.930662E-03
-5.352400E-03,+160.608396E-03
-5.349000E-03,+119.718090E-03
-5.345600E-03,+113.867359E-03
-5.342200E-03,+134.336244E-03
-5.338800E-03,+160.608396E-03
-5.335400E-03,+160.608396E-03
-5.332000E-03,+160.608396E-03
-5.328600E-03,+83.250287E-03
-5.325200E-03,+160.608396E-03
-5.321800E-03,+143.026084E-03
-5.318400E-03,+160.608396E-03
-5.315000E-03,+176.529730E-03
-5.311600E-03,+80.286130E-03
-5.308200E-03,+80.286130E-03
-5.304800E-03,+160.608396E-03
-5.301400E-03,+99.171621E-03
-5.298000E-03,+80.286130E-03
-5.294600E-03,+88.820803E-03
-5.291200E-03,+157.566655E-03
-5.287800E-03,+160.608396E-03
-5.284400E-03,+97.946026E-03
-5.281000E-03,+160.608396E-03
-5.277600E-03,+80.286130E-03
-5.274200E-03,+121.021269E-03
-5.270800E-03,+46.860069E-03
-5.267400E-03,+80.286130E-03
-5.264000E-03,+141.800489E-03
-5.260600E-03,+80.286130E-03
-5.257200E-03,+80.286130E-03
-5.253800E-03,+77.166806E-03
-5.250400E-03,+160.608396E-03
-5.247000E-03,+142.870917E-03
-5.243600E-03,-36.135E-06
-5.240200E-03,+80.286130E-03
-5.236800E-03,+39.628575E-03
-5.233400E-03,+80.286130E-03
-5.230000E-03,+52.042666E-03
-5.226600E-03,+80.286130E-03
-5.223200E-03,+11.385111E-03
-5.219800E-03,+76.173962E-03
-5.216400E-03,-36.135E-06
-5.213000E-03,+80.286130E-03
-5.209600E-03,-62.543338E-03
-5.206200E-03,+80.286130E-03
-5.202800E-03,+32.397082E-03
-5.199400E-03,-40.616106E-03
-5.196000E-03,+33.234759E-03
-5.192600E-03,-54.396584E-03
-5.189200E-03,-43.052922E-03
-5.185800E-03,-36.135E-06
-5.182400E-03,-36.135E-06
-5.179000E-03,-36.135E-06
-5.175600E-03,-36.135E-06
-5.172200E-03,-36.135E-06
-5.168800E-03,-55.156677E-03
-5.165400E-03,-80.358401E-03
-5.162000E-03,-40.538523E-03
-5.158600E-03,-33.229445E-03
-5.155200E-03,-80.358401E-03
-5.151800E-03,-18.611291E-03
-5.148400E-03,-11.302214E-03
-5.145000E-03,-80.358401E-03
-5.141600E-03,-3.388211E-03
-5.138200E-03,-80.358401E-03
-5.134800E-03,-62.388170E-03
-5.131400E-03,-80.358401E-03
-5.128000E-03,-80.358401E-03
-5.124600E-03,-40.460939E-03
-5.121200E-03,-113.474127E-03
-5.117800E-03,-25.842784E-03
-5.114400E-03,-98.855973E-03
-5.111000E-03,-80.358401E-03
-5.107600E-03,-160.680667E-03
-5.104200E-03,-157.251007E-03
-5.100800E-03,-160.680667E-03
-5.097400E-03,-142.632852E-03
-5.094000E-03,-160.680667E-03
-5.090600E-03,-128.014698E-03
-5.087200E-03,-80.358401E-03
-5.083800E-03,-127.642524E-03
-5.080400E-03,-160.680667E-03
-5.077000E-03,-222.582944E-03
-5.073600E-03,-91.469312E-03
-5.070200E-03,-164.482500E-03
-5.066800E-03,-160.680667E-03
-5.063400E-03,-160.680667E-03
-5.060000E-03,-142.555269E-03
-5.056600E-03,-215.568457E-03
-5.053200E-03,-127.937114E-03
-5.049800E-03,-160.680667E-03
-5.046400E-03,-127.720108E-03
-5.043000E-03,-186.332148E-03
-5.039600E-03,-160.680667E-03
-5.036200E-03,-241.002932E-03
-5.032800E-03,-160.680667E-03
-5.029400E-03,-87.528056E-03
-5.026000E-03,-102.146210E-03
-5.022600E-03,-160.680667E-03
-5.019200E-03,-160.680667E-03
-5.015800E-03,-80.358401E-03
-5.012400E-03,-120.488614E-03
-5.009000E-03,-160.680667E-03
-5.005600E-03,-189.855137E-03
-5.002200E-03,-98.623221E-03
-4.998800E-03,-91.314144E-03
-4.995400E-03,-237.356266E-03
-4.992000E-03,-84.020812E-03
-4.988600E-03,-102.301378E-03
-4.985200E-03,-98.638967E-03
-4.981800E-03,-80.358401E-03
-4.978400E-03,-193.579387E-03
-4.975000E-03,-120.566198E-03
-4.971600E-03,-193.486058E-03
-4.968200E-03,-135.184353E-03
-4.964800E-03,-142.493430E-03
-4.961400E-03,-91.236560E-03
-4.958000E-03,-83.927483E-03
-4.954600E-03,-237.262937E-03
-4.951200E-03,-80.358401E-03
-4.947800E-03,-142.322517E-03
-4.944400E-03,-215.335706E-03
-4.941000E-03,-160.680667E-03
-4.937600E-03,-160.680667E-03
-4.934200E-03,-127.952859E-03
-4.930800E-03,-160.680667E-03
-4.927400E-03,-160.680667E-03
-4.924000E-03,-149.880091E-03
-4.920600E-03,-80.358401E-03
-4.917200E-03,-156.863088E-03
-4.913800E-03,-91.485057E-03
-4.910400E-03,-98.794134E-03
-4.907000E-03,-106.103211E-03
-4.903600E-03,-113.412289E-03
-4.900200E-03,-120.317702E-03
-4.896800E-03,-128.030443E-03
-4.893400E-03,-160.680667E-03
-4.890000E-03,-80.358401E-03
-4.886600E-03,-69.635409E-03
-4.883200E-03,-83.772316E-03
-4.879800E-03,-160.680667E-03
-4.876400E-03,-11.240375E-03
-4.873000E-03,-80.358401E-03
-4.869600E-03,-54.536007E-03
-4.866200E-03,-47.226930E-03
-4.862800E-03,-80.358401E-03
-4.859400E-03,-112.931041E-03
-4.856000E-03,-80.358401E-03
-4.852600E-03,-98.312886E-03
-4.849200E-03,-80.358401E-03
-4.845800E-03,-157.344336E-03
-4.842400E-03,-160.680667E-03
-4.839000E-03,-80.358401E-03
-4.835600E-03,-80.358401E-03
-4.832200E-03,-106.258379E-03
-4.828800E-03,-80.358401E-03
-4.825400E-03,-39.840269E-03
-4.822000E-03,-80.358401E-03
-4.818600E-03,-36.135E-06
-4.815200E-03,-62.481499E-03
-4.811800E-03,-69.790577E-03
-4.808400E-03,-3.294882E-03
-4.805000E-03,-80.358401E-03
-4.801600E-03,-36.135E-06
-4.798200E-03,-18.704620E-03
-4.794800E-03,-54.380839E-03
-4.791400E-03,-47.071762E-03
-4.788000E-03,-80.358401E-03
-4.784600E-03,-36.135E-06
-4.781200E-03,-25.144530E-03
-4.777800E-03,-17.835453E-03
-4.774400E-03,-80.358401E-03
-4.771000E-03,+73.923804E-03
-4.767600E-03,-76.230487E-03
-4.764200E-03,-36.135E-06
-4.760800E-03,-61.612333E-03
-4.757400E-03,-36.135E-06
-4.754000E-03,-46.994178E-03
-4.750600E-03,-39.685101E-03
-4.747200E-03,-36.135E-06
-4.743800E-03,-80.358401E-03
-4.740400E-03,-80.358401E-03
-4.737000E-03,-80.358401E-03
-4.733600E-03,-80.358401E-03
-4.730200E-03,-4.241633E-03
-4.726800E-03,-80.358401E-03
-4.723400E-03,-18.859787E-03
-4.720000E-03,-36.135E-06
-4.716600E-03,-80.358401E-03
-4.713200E-03,-1.215637E-03
-4.709800E-03,-80.358401E-03
-4.706400E-03,-24.989363E-03
-4.703000E-03,-62.714251E-03
-4.699600E-03,-36.135E-06
-4.696200E-03,-3.062131E-03
-4.692800E-03,-4.319217E-03
-4.689400E-03,-68.766242E-03
-4.686000E-03,-61.457165E-03
-4.682600E-03,-26.246448E-03
-4.679200E-03,-80.358401E-03
-4.675800E-03,-40.864603E-03
-4.672400E-03,-80.358401E-03
-4.669000E-03,-24.911779E-03
-4.665600E-03,-45.225268E-03
-4.662200E-03,-70.100912E-03
-4.658800E-03,-36.135E-06
-4.655400E-03,-80.358401E-03
-4.652000E-03,-80.358401E-03
-4.648600E-03,-80.358401E-03
-4.645200E-03,-27.782607E-03
-4.641800E-03,-36.135E-06
-4.638400E-03,+39.380079E-03
-4.635000E-03,-48.251264E-03
-4.631600E-03,-24.834195E-03
-4.628200E-03,-17.525118E-03
-4.624800E-03,-80.358401E-03
-4.621400E-03,-80.358401E-03
-4.618000E-03,-4.474384E-03
-4.614600E-03,-11.783462E-03
-4.611200E-03,-19.092539E-03
-4.607800E-03,-53.992920E-03
-4.604400E-03,-80.358401E-03
-4.601000E-03,-39.374766E-03
-4.597600E-03,-80.358401E-03
-4.594200E-03,-36.135E-06
-4.590800E-03,-80.358401E-03
-4.587400E-03,-70.256079E-03
-4.584000E-03,-80.358401E-03
-4.580600E-03,-80.358401E-03
-4.577200E-03,-11.861045E-03
-4.573800E-03,-80.358401E-03
-4.570400E-03,-80.358401E-03
-4.567000E-03,-46.606259E-03
-4.563600E-03,-80.358401E-03
-4.560200E-03,-36.135E-06
-4.556800E-03,-80.358401E-03
-4.553400E-03,-80.358401E-03
-4.550000E-03,-10.060873E-03
-4.546600E-03,-77.642740E-03
-4.543200E-03,-80.358401E-03
-4.539800E-03,-68.455907E-03
-4.536400E-03,-19.247706E-03
-4.533000E-03,-80.358401E-03
-4.529600E-03,-80.358401E-03
-4.526200E-03,-80.358401E-03
-4.522800E-03,-48.484015E-03
-4.519400E-03,-80.358401E-03
-4.516000E-03,-17.292367E-03
-4.512600E-03,-70.411247E-03
-4.509200E-03,-36.135E-06
-4.505800E-03,-80.358401E-03
-4.502400E-03,-80.358401E-03
-4.499000E-03,-80.358401E-03
-4.495600E-03,-134.082434E-03
-4.492200E-03,-80.358401E-03
-4.488800E-03,-80.358401E-03
-4.485400E-03,-80.358401E-03
-4.482000E-03,-24.523860E-03
-4.478600E-03,-63.179753E-03
-4.475200E-03,-150.811096E-03
-4.471800E-03,-80.358401E-03
-4.468400E-03,-75.609817E-03
-4.465000E-03,-80.358401E-03
-4.461600E-03,-80.358401E-03
-4.458200E-03,-107.329035E-03
-4.454800E-03,-46.373508E-03
-4.451400E-03,-41.330106E-03
-4.448000E-03,-36.135E-06
-4.444600E-03,-80.358401E-03
-4.441200E-03,-80.358401E-03
-4.437800E-03,-141.096694E-03
-4.434400E-03,-80.358401E-03
-4.431000E-03,-80.358401E-03
-4.427600E-03,-12.171381E-03
-4.424200E-03,-60.914079E-03
-4.420800E-03,-80.358401E-03
-4.417400E-03,-80.358401E-03
-4.414000E-03,-80.358401E-03
-4.410600E-03,-48.716767E-03
-4.407200E-03,-160.680667E-03
-4.403800E-03,-126.633707E-03
-4.400400E-03,-9.750538E-03
-4.397000E-03,-2.441461E-03
-4.393600E-03,-80.358401E-03
-4.390200E-03,-36.135E-06
-4.386800E-03,-160.680667E-03
-4.383400E-03,-80.358401E-03
-4.380000E-03,-80.358401E-03
-4.376600E-03,-38.909263E-03
-4.373200E-03,-31.600186E-03
-4.369800E-03,-136.425693E-03
-4.366400E-03,-80.358401E-03
-4.363000E-03,-80.358401E-03
-4.359600E-03,-2.363877E-03
-4.356200E-03,-85.339737E-03
-4.352800E-03,-80.358401E-03
-4.349400E-03,-36.135E-06
-4.346000E-03,-26.944703E-03
-4.342600E-03,-68.471424E-03
-4.339200E-03,-77.627223E-03
-4.335800E-03,-80.358401E-03
-4.332400E-03,-112.325888E-03
-4.329000E-03,-33.772760E-03
-4.325600E-03,-9.595370E-03
-4.322200E-03,-78.108243E-03
-4.318800E-03,-85.417320E-03
-4.315400E-03,-148.312670E-03
-4.312000E-03,-60.681327E-03
-4.308600E-03,-80.358401E-03
-4.305200E-03,-160.680667E-03
-4.301800E-03,-80.358401E-03
-4.298400E-03,-129.271784E-03
-4.295000E-03,-112.481055E-03
-4.291600E-03,-143.889938E-03
-4.288200E-03,-36.135E-06
-4.284800E-03,-2.208709E-03
-4.281400E-03,-80.358401E-03
-4.278000E-03,-67.912821E-03
-4.274600E-03,-80.358401E-03
-4.271200E-03,-80.358401E-03
-4.267800E-03,-114.731213E-03
-4.264400E-03,-38.676512E-03
-4.261000E-03,-31.367434E-03
-4.257600E-03,-136.658445E-03
-4.254200E-03,-97.071546E-03
-4.250800E-03,-18.844270E-03
-4.247400E-03,-82.453391E-03
-4.244000E-03,-75.144314E-03
-4.240600E-03,-148.157502E-03
-4.237200E-03,-19.868377E-03
-4.233800E-03,-80.358401E-03
-4.230400E-03,-45.908005E-03
-4.227000E-03,-80.358401E-03
-4.223600E-03,-31.289851E-03
-4.220200E-03,-112.791390E-03
-4.216800E-03,-63.722840E-03
-4.213400E-03,-80.358401E-03
-4.210000E-03,-78.340994E-03
-4.206600E-03,-80.358401E-03
-4.203200E-03,-36.135E-06
-4.199800E-03,-60.448576E-03
-4.196400E-03,-27.255038E-03
-4.193000E-03,-34.564115E-03
-4.189600E-03,-83.710249E-03
-4.186200E-03,-31.212267E-03
-4.182800E-03,-36.135E-06
-4.179400E-03,-63.800424E-03
-4.176000E-03,-71.109501E-03
-4.172600E-03,-1.975958E-03
-4.169200E-03,-36.135E-06
-4.165800E-03,-12.714467E-03
-4.162400E-03,-80.358401E-03
-4.159000E-03,-36.135E-06
-4.155600E-03,-80.358401E-03
-4.152200E-03,-80.358401E-03
-4.148800E-03,-49.259853E-03
-4.145400E-03,-80.358401E-03
-4.142000E-03,-80.358401E-03
-4.138600E-03,-9.207451E-03
-4.135200E-03,-80.358401E-03
-4.131800E-03,-74.911563E-03
-4.128400E-03,-80.358401E-03
-4.125000E-03,-20.101128E-03
-4.121600E-03,-27.410205E-03
-4.118200E-03,-34.719282E-03
-4.114800E-03,-38.366177E-03
-4.111400E-03,-80.358401E-03
-4.108000E-03,-80.358401E-03
-4.104600E-03,-80.358401E-03
-4.101200E-03,-71.264669E-03
-4.097800E-03,-1.820790E-03
-4.094400E-03,-80.358401E-03
-4.091000E-03,-12.869635E-03
-4.087600E-03,-20.178712E-03
-4.084200E-03,-27.487789E-03
-4.080800E-03,-45.597670E-03
-4.077400E-03,-122.428209E-03
-4.074000E-03,-30.979516E-03
-4.070600E-03,-23.670438E-03
-4.067200E-03,-80.358401E-03
-4.063800E-03,-80.358401E-03
-4.060400E-03,-78.651330E-03
-4.057000E-03,-5.638141E-03
-4.053600E-03,-80.358401E-03
-4.050200E-03,-80.358401E-03
-4.046800E-03,-107.887638E-03
-4.043400E-03,-45.520086E-03
-4.040000E-03,-80.358401E-03
-4.036600E-03,-49.492605E-03
-4.033200E-03,-36.135E-06
-4.029800E-03,-80.358401E-03
-4.026400E-03,-71.419836E-03
-4.023000E-03,-80.358401E-03
-4.019600E-03,-80.358401E-03
-4.016200E-03,-80.358401E-03
-4.012800E-03,-80.358401E-03
-4.009400E-03,-80.358401E-03
-4.006000E-03,-36.135E-06
-4.002600E-03,-80.358401E-03
-3.999200E-03,-30.824348E-03
-3.995800E-03,-80.358401E-03
-3.992400E-03,-80.358401E-03
-3.989000E-03,-80.358401E-03
-3.985600E-03,-1.588039E-03
-3.982200E-03,-36.135E-06
-3.978800E-03,-36.135E-06
-3.975400E-03,-80.358401E-03
-3.972000E-03,-80.358401E-03
-3.968600E-03,-35.029618E-03
-3.965200E-03,-80.358401E-03
-3.961800E-03,-36.135E-06
-3.958400E-03,-36.135E-06
-3.955000E-03,-64.265927E-03
-3.951600E-03,-80.358401E-03
-3.948200E-03,-80.358401E-03
-3.944800E-03,-80.358401E-03
-3.941400E-03,-80.358401E-03
-3.938000E-03,-36.135E-06
-3.934600E-03,-36.135E-06
-3.931200E-03,-80.358401E-03
-3.927800E-03,-80.358401E-03
-3.924400E-03,-49.725356E-03
-3.921000E-03,-80.358401E-03
-3.917600E-03,-64.343510E-03
-3.914200E-03,-71.652588E-03
-3.910800E-03,-78.961665E-03
-3.907400E-03,-80.358401E-03
-3.904000E-03,-67.136983E-03
-3.900600E-03,-140.150171E-03
-3.897200E-03,-80.358401E-03
-3.893800E-03,-36.135E-06
-3.890400E-03,-80.358401E-03
-3.887000E-03,-80.358401E-03
-3.883600E-03,-23.282519E-03
-3.880200E-03,-80.358401E-03
-3.876800E-03,-71.730171E-03
-3.873400E-03,-36.135E-06
-3.870000E-03,-36.135E-06
-3.866600E-03,-13.335137E-03
-3.863200E-03,-80.358401E-03
-3.859800E-03,-27.953292E-03
-3.856400E-03,-45.132167E-03
-3.853000E-03,-36.135E-06
-3.849600E-03,-36.135E-06
-3.846200E-03,-57.189601E-03
-3.842800E-03,-15.895858E-03
-3.839400E-03,-8.586781E-03
-3.836000E-03,-80.358401E-03
-3.832600E-03,-74.290892E-03
-3.829200E-03,-36.135E-06
-3.825800E-03,-59.672738E-03
-3.822400E-03,-52.363661E-03
-3.819000E-03,-35.339953E-03
-3.815600E-03,-42.649030E-03
-3.812200E-03,-30.436429E-03
-3.808800E-03,-80.358401E-03
-3.805400E-03,-80.358401E-03
-3.802000E-03,-80.358401E-03
-3.798600E-03,-80.358401E-03
-3.795200E-03,-6.181228E-03
-3.791800E-03,-13.490305E-03
-3.788400E-03,+59.522883E-03
-3.785000E-03,-80.358401E-03
-3.781600E-03,-44.977000E-03
-3.778200E-03,-36.135E-06
-3.774800E-03,-50.035691E-03
-3.771400E-03,-80.358401E-03
-3.768000E-03,-129.271556E-03
-3.764600E-03,-80.358401E-03
-3.761200E-03,-80.358401E-03
-3.757800E-03,-80.358401E-03
-3.754400E-03,-80.358401E-03
-3.751000E-03,-59.517570E-03
-3.747600E-03,-28.186043E-03
-3.744200E-03,-44.899416E-03
-3.740800E-03,-80.358401E-03
-3.737400E-03,-30.281261E-03
-3.734000E-03,-57.422352E-03
-3.730600E-03,-80.358401E-03
-3.727200E-03,-72.040506E-03
-3.723800E-03,-80.358401E-03
-3.720400E-03,-154.380407E-03
-3.717000E-03,-36.135E-06
-3.713600E-03,-80.358401E-03
-3.710200E-03,-80.358401E-03
-3.706800E-03,-80.358401E-03
-3.703400E-03,-37.512755E-03
-3.700000E-03,-50.190859E-03
-3.696600E-03,-22.894600E-03
-3.693200E-03,-64.809013E-03
-3.689800E-03,-8.276446E-03
-3.686400E-03,-81.289634E-03
-3.683000E-03,-80.358401E-03
-3.679600E-03,-13.723056E-03
-3.676200E-03,-139.684668E-03
-3.672800E-03,-36.135E-06
-3.669400E-03,-80.358401E-03
-3.666000E-03,-37.435171E-03
-3.662600E-03,-36.135E-06
-3.659200E-03,-80.358401E-03
-3.655800E-03,-80.358401E-03
-3.652400E-03,-80.358401E-03
-3.649000E-03,-79.504751E-03
-3.645600E-03,-73.902973E-03
-3.642200E-03,-66.593896E-03
-3.638800E-03,-80.358401E-03
-3.635400E-03,-132.298007E-03
-3.632000E-03,-124.988930E-03
-3.628600E-03,-36.135E-06
-3.625200E-03,-50.346026E-03
-3.621800E-03,-80.358401E-03
-3.618400E-03,-80.358401E-03
-3.615000E-03,-72.273258E-03
-3.611600E-03,-812.201E-06
-3.608200E-03,-80.358401E-03
-3.604800E-03,-80.358401E-03
-3.601400E-03,-80.358401E-03
-3.598000E-03,-51.898158E-03
-3.594600E-03,-124.911346E-03
-3.591200E-03,-80.358401E-03
-3.587800E-03,-80.358401E-03
-3.584400E-03,-80.358401E-03
-3.581000E-03,-15.352772E-03
-3.577600E-03,-80.358401E-03
-3.574200E-03,-79.659919E-03
-3.570800E-03,-6.646730E-03
-3.567400E-03,-80.358401E-03
-3.564000E-03,-80.358401E-03
-3.560600E-03,-36.135E-06
-3.557200E-03,-36.135E-06
-3.553800E-03,-80.358401E-03
-3.550400E-03,-80.358401E-03
-3.547000E-03,-36.135E-06
-3.543600E-03,-36.135E-06
-3.540200E-03,-80.358401E-03
-3.536800E-03,-80.358401E-03
-3.533400E-03,-6.724314E-03
-3.530000E-03,-80.358401E-03
-3.526600E-03,-21.342469E-03
-3.523200E-03,-80.358401E-03
-3.519800E-03,-80.358401E-03
-3.516400E-03,-80.358401E-03
-3.513000E-03,-80.358401E-03
-3.509600E-03,-22.506682E-03
-3.506200E-03,-15.197604E-03
-3.502800E-03,-36.135E-06
-3.499400E-03,-579.450E-06
-3.496000E-03,-6.801898E-03
-3.492600E-03,-80.358401E-03
-3.489200E-03,-101.742318E-03
-3.485800E-03,-28.729130E-03
-3.482400E-03,-80.358401E-03
-3.479000E-03,-43.347284E-03
-3.475600E-03,-80.358401E-03
-3.472200E-03,-80.358401E-03
-3.468800E-03,-80.358401E-03
-3.465400E-03,-36.135E-06
-3.462000E-03,-501.866E-06
-3.458600E-03,-73.515054E-03
-3.455200E-03,-80.358401E-03
-3.451800E-03,-21.497636E-03
-3.448400E-03,-28.806713E-03
-3.445000E-03,-80.358401E-03
-3.441600E-03,-43.424868E-03
-3.438200E-03,-80.358401E-03
-3.434800E-03,-58.043022E-03
-3.431400E-03,-80.358401E-03
-3.428000E-03,-80.358401E-03
-3.424600E-03,-424.282E-06
-3.421200E-03,-6.957066E-03
-3.417800E-03,-80.358401E-03
-3.414400E-03,-21.575220E-03
-3.411000E-03,-131.832505E-03
-3.407600E-03,-36.193374E-03
-3.404200E-03,-36.892085E-03
-3.400800E-03,-80.358401E-03
-3.397400E-03,-22.273930E-03
-3.394000E-03,-65.429683E-03
-3.390600E-03,-7.655776E-03
-3.387200E-03,-80.358401E-03
-3.383800E-03,-36.135E-06
-3.380400E-03,-80.358401E-03
-3.377000E-03,-58.741732E-03
-3.373600E-03,-36.135E-06
-3.370200E-03,-44.123578E-03
-3.366800E-03,-36.814501E-03
-3.363400E-03,-29.505424E-03
-3.360000E-03,-22.196346E-03
-3.356600E-03,-36.135E-06
-3.353200E-03,-80.358401E-03
-3.349800E-03,-80.358401E-03
-3.346400E-03,-80.358401E-03
-3.343000E-03,-14.421310E-03
-3.339600E-03,-80.358401E-03
-3.336200E-03,-80.358401E-03
-3.332800E-03,-5.104348729E+00
-3.329400E-03,-5.060338870E+00
-3.326000E-03,-5.111269431E+00
-3.322600E-03,-4.980016604E+00
-3.319200E-03,-4.994790154E+00
-3.315800E-03,-4.980016604E+00
-3.312400E-03,-4.899849734E+00
-3.309000E-03,-4.972862922E+00
-3.305600E-03,-4.899694338E+00
-3.302200E-03,-4.797600237E+00
-3.298800E-03,-4.716889368E+00
-3.295400E-03,-4.702659817E+00
-3.292000E-03,-4.615028474E+00
-3.288600E-03,-4.498083010E+00
-3.285200E-03,-4.534395189E+00
-3.281800E-03,-4.417760745E+00
-3.278400E-03,-4.330051590E+00
-3.275000E-03,-4.257116213E+00
-3.271600E-03,-4.169562682E+00
-3.268200E-03,-4.096471682E+00
-3.264800E-03,-4.016149417E+00
-3.261400E-03,-3.855504885E+00
-3.258000E-03,-3.775182620E+00
-3.254600E-03,-3.702091391E+00
-3.251200E-03,-3.614538088E+00
-3.247800E-03,-3.512288363E+00
-3.244400E-03,-3.388189674E+00
-3.241000E-03,-3.293249026E+00
-3.237600E-03,-3.132604723E+00
-3.234200E-03,-3.052282229E+00
-3.230800E-03,-2.971959963E+00
-3.227400E-03,-2.811315432E+00
-3.224000E-03,-2.730993167E+00
-3.220600E-03,-2.730993167E+00
-3.217200E-03,-2.533880605E+00
-3.213800E-03,-2.460867417E+00
-3.210400E-03,-2.329381838E+00
-3.207000E-03,-2.168737307E+00
-3.203600E-03,-2.088415042E+00
-3.200200E-03,-1.927847866E+00
-3.196800E-03,-1.847448245E+00
-3.193400E-03,-1.767125979E+00
-3.190000E-03,-1.606481448E+00
-3.186600E-03,-1.526159182E+00
-3.183200E-03,-1.365514651E+00
-3.179800E-03,-1.285192385E+00
-3.176400E-03,-1.227029647E+00
-3.173000E-03,-1.102775562E+00
-3.169600E-03,-912.507487E-03
-3.166200E-03,-876.426919E-03
-3.162800E-03,-803.258792E-03
-3.159400E-03,-708.008492E-03
-3.156000E-03,-511.515917E-03
-3.152600E-03,-401.647463E-03
-3.149200E-03,-270.394181E-03
-3.145800E-03,-241.002932E-03
-3.142400E-03,-116.671264E-03
-3.139000E-03,-51.354615E-03
-3.135600E-03,-36.135E-06
-3.132200E-03,+226.545030E-03
-3.128800E-03,+240.930662E-03
-3.125400E-03,+321.485450E-03
-3.122000E-03,+401.575193E-03
-3.118600E-03,+481.897458E-03
-3.115200E-03,+584.379479E-03
-3.111800E-03,+642.541990E-03
-3.108400E-03,+803.186521E-03
-3.105000E-03,+883.508787E-03
-3.101600E-03,+992.757254E-03
-3.098200E-03,+1.044153318E+00
-3.094800E-03,+1.124475583E+00
-3.091400E-03,+1.197798879E+00
-3.088000E-03,+1.205107956E+00
-3.084600E-03,+1.285120115E+00
-3.081200E-03,+1.365442380E+00
-3.077800E-03,+1.445764646E+00
-3.074400E-03,+1.526086912E+00
-3.071000E-03,+1.569553684E+00
-3.067600E-03,+1.562244607E+00
-3.064200E-03,+1.686731443E+00
-3.060800E-03,+1.665191902E+00
-3.057400E-03,+1.700961906E+00
-3.054000E-03,+1.833533201E+00
-3.050600E-03,+1.847375974E+00
-3.047200E-03,+1.847375974E+00
-3.043800E-03,+1.847375974E+00
-3.040400E-03,+1.927698240E+00
-3.037000E-03,+1.957322239E+00
-3.033600E-03,+1.964631317E+00
-3.030200E-03,+2.008020505E+00
-3.026800E-03,+2.008020505E+00
-3.023400E-03,+2.088342771E+00
-3.020000E-03,+2.088342771E+00
-3.016600E-03,+2.088342771E+00
-3.013200E-03,+2.088342771E+00
-3.009800E-03,+2.168665037E+00
-3.006400E-03,+2.168665037E+00
-3.003000E-03,+2.146272530E+00
-2.999600E-03,+2.168665037E+00
-2.996200E-03,+2.168665037E+00
-2.992800E-03,+2.168665037E+00
-2.989400E-03,+2.088342771E+00
-2.986000E-03,+2.168665037E+00
-2.982600E-03,+2.168665037E+00
-2.979200E-03,+2.088342771E+00
-2.975800E-03,+2.088342771E+00
-2.972400E-03,+2.015872441E+00
-2.969000E-03,+2.088342771E+00
-2.965600E-03,+2.030490595E+00
-2.962200E-03,+2.008020505E+00
-2.958800E-03,+2.008020505E+00
-2.955400E-03,+1.963623184E+00
-2.952000E-03,+2.008020505E+00
-2.948600E-03,+1.927698240E+00
-2.945200E-03,+1.927698240E+00
-2.941800E-03,+1.927698240E+00
-2.938400E-03,+1.847375974E+00
-2.935000E-03,+1.847375974E+00
-2.931600E-03,+1.767053708E+00
-2.928200E-03,+1.686731443E+00
-2.924800E-03,+1.686731443E+00
-2.921400E-03,+1.643575005E+00
-2.918000E-03,+1.642256537E+00
-2.914600E-03,+1.606409177E+00
-2.911200E-03,+1.526086912E+00
-2.907800E-03,+1.512166783E+00
-2.904400E-03,+1.445764646E+00
-2.901000E-03,+1.445764646E+00
-2.897600E-03,+1.373449484E+00
-2.894200E-03,+1.365442380E+00
-2.890800E-03,+1.285120115E+00
-2.887400E-03,+1.154409918E+00
-2.884000E-03,+1.204797849E+00
-2.880600E-03,+1.133258296E+00
-2.877200E-03,+1.072614017E+00
-2.873800E-03,+1.044153318E+00
-2.870400E-03,+963.831052E-03
-2.867000E-03,+890.042254E-03
-2.863600E-03,+962.279833E-03
-2.860200E-03,+883.508787E-03
-2.856800E-03,+803.186521E-03
-2.853400E-03,+722.864255E-03
-2.850000E-03,+722.864255E-03
-2.846600E-03,+642.541990E-03
-2.843200E-03,+597.911917E-03
-2.839800E-03,+562.219724E-03
-2.836400E-03,+380.501155E-03
-2.833000E-03,+387.810232E-03
-2.829600E-03,+401.575193E-03
-2.826200E-03,+240.930662E-03
-2.822800E-03,+176.932938E-03
-2.819400E-03,+240.930662E-03
-2.816000E-03,+183.388821E-03
-2.812600E-03,+160.608396E-03
-2.809200E-03,+42.887551E-03
-2.805800E-03,-44.743792E-03
-2.802400E-03,-36.135E-06
-2.799000E-03,-139.684212E-03
-2.795600E-03,-80.358401E-03
-2.792200E-03,-234.624632E-03
-2.788800E-03,-160.680667E-03
-2.785400E-03,-241.002932E-03
-2.782000E-03,-241.002932E-03
-2.778600E-03,-321.325198E-03
-2.775200E-03,-321.325198E-03
-2.771800E-03,-401.647463E-03
-2.768400E-03,-481.969729E-03
-2.765000E-03,-481.969729E-03
-2.761600E-03,-502.888600E-03
-2.758200E-03,-562.291995E-03
-2.754800E-03,-568.592711E-03
-2.751400E-03,-642.614260E-03
-2.748000E-03,-642.614260E-03
-2.744600E-03,-658.240776E-03
-2.741200E-03,-722.936526E-03
-2.737800E-03,-672.858930E-03
-2.734400E-03,-803.258792E-03
-2.731000E-03,-803.258792E-03
-2.727600E-03,-803.258792E-03
-2.724200E-03,-824.100078E-03
-2.720800E-03,-883.581057E-03
-2.717400E-03,-957.680191E-03
-2.714000E-03,-962.817378E-03
-2.710600E-03,-955.508301E-03
-2.707200E-03,-899.285157E-03
-2.703800E-03,-906.594234E-03
-2.700400E-03,-994.225577E-03
-2.697000E-03,-1.006594257E+00
-2.693600E-03,-1.044225588E+00
-2.690200E-03,-1.044225588E+00
-2.686800E-03,-1.044225588E+00
-2.683400E-03,-1.044225588E+00
-2.680000E-03,-1.044225588E+00
-2.676600E-03,-1.044225588E+00
-2.673200E-03,-963.903323E-03
-2.669800E-03,-1.108766171E+00
-2.666400E-03,-986.994083E-03
-2.663000E-03,-1.013825751E+00
-2.659600E-03,-1.044225588E+00
-2.656200E-03,-1.044225588E+00
-2.652800E-03,-963.903323E-03
-2.649400E-03,-1.044225588E+00
-2.646000E-03,-1.044225588E+00
-2.642600E-03,-1.038157624E+00
-2.639200E-03,-963.903323E-03
-2.635800E-03,-1.044225588E+00
-2.632400E-03,-963.903323E-03
-2.629000E-03,-963.903323E-03
-2.625600E-03,-963.903323E-03
-2.622200E-03,-963.903323E-03
-2.618800E-03,-963.903323E-03
-2.615400E-03,-911.498670E-03
-2.612000E-03,-883.581057E-03
-2.608600E-03,-896.880515E-03
-2.605200E-03,-957.912942E-03
-2.601800E-03,-883.581057E-03
-2.598400E-03,-883.581057E-03
-2.595000E-03,-883.581057E-03
-2.591600E-03,-860.335129E-03
-2.588200E-03,-853.026052E-03
-2.584800E-03,-803.258792E-03
-2.581400E-03,-803.258792E-03
-2.578000E-03,-698.294318E-03
-2.574600E-03,-722.936526E-03
-2.571200E-03,-790.036917E-03
-2.567800E-03,-722.936526E-03
-2.564400E-03,-644.010540E-03
-2.561000E-03,-651.319618E-03
-2.557600E-03,-642.614260E-03
-2.554200E-03,-642.614260E-03
-2.550800E-03,-592.924584E-03
-2.547400E-03,-562.291995E-03
-2.544000E-03,-517.041251E-03
-2.540600E-03,-562.291995E-03
-2.537200E-03,-481.969729E-03
-2.533800E-03,-481.969729E-03
-2.530400E-03,-481.969729E-03
-2.527000E-03,-403.121327E-03
-2.523600E-03,-410.430405E-03
-2.520200E-03,-401.647463E-03
-2.516800E-03,-401.647463E-03
-2.513400E-03,-321.325198E-03
-2.510000E-03,-363.628214E-03
-2.506600E-03,-321.325198E-03
-2.503200E-03,-241.002932E-03
-2.499800E-03,-261.378716E-03
-2.496400E-03,-241.002932E-03
-2.493000E-03,-241.002932E-03
-2.489600E-03,-160.680667E-03
-2.486200E-03,-160.680667E-03
-2.482800E-03,-144.511065E-03
-2.479400E-03,-160.680667E-03
-2.476000E-03,-129.892910E-03
-2.472600E-03,-80.358401E-03
-2.469200E-03,-80.358401E-03
-2.465800E-03,-27.643413E-03
-2.462400E-03,-36.135E-06
-2.459000E-03,-36.135E-06
-2.455600E-03,-68.998309E-03
-2.452200E-03,+80.286130E-03
-2.448800E-03,+80.286130E-03
-2.445400E-03,+80.286130E-03
-2.442000E-03,+103.842393E-03
-2.438600E-03,+160.608396E-03
-2.435200E-03,+160.608396E-03
-2.431800E-03,+160.608396E-03
-2.428400E-03,+160.608396E-03
-2.425000E-03,+160.608396E-03
-2.421600E-03,+240.930662E-03
-2.418200E-03,+246.533124E-03
-2.414800E-03,+240.930662E-03
-2.411400E-03,+240.930662E-03
-2.408000E-03,+304.928158E-03
-2.404600E-03,+297.619080E-03
-2.401200E-03,+271.873586E-03
-2.397800E-03,+240.930662E-03
-2.394400E-03,+321.252927E-03
-2.391000E-03,+268.382771E-03
-2.387600E-03,+321.252927E-03
-2.384200E-03,+266.598572E-03
-2.380800E-03,+321.252927E-03
-2.377400E-03,+399.790994E-03
-2.374000E-03,+330.346203E-03
-2.370600E-03,+385.172839E-03
-2.367200E-03,+401.575193E-03
-2.363800E-03,+339.534177E-03
-2.360400E-03,+363.245608E-03
-2.357000E-03,+366.891589E-03
-2.353600E-03,+374.200667E-03
-2.350200E-03,+401.575193E-03
-2.346800E-03,+334.009299E-03
-2.343400E-03,+401.575193E-03
-2.340000E-03,+401.575193E-03
-2.336600E-03,+401.575193E-03
-2.333200E-03,+337.732864E-03
-2.329800E-03,+321.252927E-03
-2.326400E-03,+352.351019E-03
-2.323000E-03,+359.660096E-03
-2.319600E-03,+366.969173E-03
-2.316200E-03,+348.549870E-03
-2.312800E-03,+401.575193E-03
-2.309400E-03,+321.252927E-03
-2.306000E-03,+401.575193E-03
-2.302600E-03,+323.192294E-03
-2.299200E-03,+330.501371E-03
-2.295800E-03,+401.575193E-03
-2.292400E-03,+321.252927E-03
-2.289000E-03,+352.428603E-03
-2.285600E-03,+401.575193E-03
-2.282200E-03,+401.575193E-03
-2.278800E-03,+401.575193E-03
-2.275400E-03,+401.575193E-03
-2.272000E-03,+388.973989E-03
-2.268600E-03,+401.575193E-03
-2.265200E-03,+244.964562E-03
-2.261800E-03,+311.926900E-03
-2.258400E-03,+240.930662E-03
-2.255000E-03,+321.252927E-03
-2.251600E-03,+289.999668E-03
-2.248200E-03,+279.492998E-03
-2.244800E-03,+286.802075E-03
-2.241400E-03,+294.111152E-03
-2.238000E-03,+301.420230E-03
-2.234600E-03,+308.729307E-03
-2.231200E-03,+240.930662E-03
-2.227800E-03,+238.836127E-03
-2.224400E-03,+170.012007E-03
-2.221000E-03,+160.608396E-03
-2.217600E-03,+160.608396E-03
-2.214200E-03,+160.608396E-03
-2.210800E-03,+160.608396E-03
-2.207400E-03,+206.557393E-03
-2.204000E-03,+133.544205E-03
-2.200600E-03,+80.286130E-03
-2.197200E-03,+80.286130E-03
-2.193800E-03,+155.471437E-03
-2.190400E-03,+2.135983E-03
-2.187000E-03,+151.127201E-03
-2.183600E-03,+16.754137E-03
-2.180200E-03,+112.409697E-03
-2.176800E-03,+48.877704E-03
-2.173400E-03,+119.003634E-03
-2.170000E-03,-36.135E-06
-2.166600E-03,-36.135E-06
-2.163200E-03,+60.608600E-03
-2.159800E-03,+80.286130E-03
-2.156400E-03,-5.095511E-03
-2.153000E-03,-75.858998E-03
-2.149600E-03,-36.135E-06
-2.146200E-03,-36.135E-06
-2.142800E-03,-80.358401E-03
-2.139400E-03,-36.135E-06
-2.136000E-03,-80.358401E-03
-2.132600E-03,-36.135E-06
-2.129200E-03,-160.680667E-03
-2.125800E-03,-39.236028E-03
-2.122400E-03,-68.067532E-03
-2.119000E-03,-155.698875E-03
-2.115600E-03,-82.685686E-03
-2.112200E-03,-151.044304E-03
-2.108800E-03,-143.735227E-03
-2.105400E-03,-136.426149E-03
-2.102000E-03,-111.921995E-03
-2.098600E-03,-199.553338E-03
-2.095200E-03,-160.680667E-03
-2.091800E-03,-160.680667E-03
-2.088400E-03,-119.403126E-03
-2.085000E-03,-228.789647E-03
-2.081600E-03,-85.262609E-03
-2.078200E-03,-160.680667E-03
-2.074800E-03,-170.394613E-03
-2.071400E-03,-160.680667E-03
-2.068000E-03,-185.012767E-03
-2.064600E-03,-209.361754E-03
-2.061200E-03,-241.002932E-03
-2.057800E-03,-287.262265E-03
-2.054400E-03,-160.680667E-03
-2.051000E-03,-160.680667E-03
-2.047600E-03,-241.002932E-03
-2.044200E-03,-311.671949E-03
-2.040800E-03,-160.680667E-03
-2.037400E-03,-170.472197E-03
-2.034000E-03,-241.002932E-03
-2.030600E-03,-265.412617E-03
-2.027200E-03,-241.002932E-03
-2.023800E-03,-241.002932E-03
-2.020400E-03,-194.666016E-03
-2.017000E-03,-241.002932E-03
-2.013600E-03,-260.370127E-03
-2.010200E-03,-241.002932E-03
-2.006800E-03,-241.002932E-03
-2.003400E-03,-241.002932E-03
-2.000000E-03,-241.002932E-03
-1.996600E-03,-241.002932E-03
-1.993200E-03,-241.002932E-03
-1.989800E-03,-241.002932E-03
-1.986400E-03,-280.108355E-03
-1.983000E-03,-241.002932E-03
-1.979600E-03,-213.878043E-03
-1.976200E-03,-241.002932E-03
-1.972800E-03,-241.002932E-03
-1.969400E-03,-245.674389E-03
-1.966000E-03,-160.680667E-03
-1.962600E-03,-241.002932E-03
-1.959200E-03,-241.002932E-03
-1.955800E-03,-241.002932E-03
-1.952400E-03,-272.876862E-03
-1.949000E-03,-160.680667E-03
-1.945600E-03,-207.172750E-03
-1.942200E-03,-187.201771E-03
-1.938800E-03,-179.892694E-03
-1.935400E-03,-160.680667E-03
-1.932000E-03,-236.409059E-03
-1.928600E-03,-163.395871E-03
-1.925200E-03,-170.704948E-03
-1.921800E-03,-160.680667E-03
-1.918400E-03,-160.680667E-03
-1.915000E-03,-209.051419E-03
-1.911600E-03,-241.002932E-03
-1.908200E-03,-160.680667E-03
-1.904800E-03,-160.680667E-03
-1.901400E-03,-221.868489E-03
-1.898000E-03,-160.680667E-03
-1.894600E-03,-84.874690E-03
-1.891200E-03,-83.151189E-03
-1.887800E-03,-160.680667E-03
-1.884400E-03,-97.769344E-03
-1.881000E-03,-185.400686E-03
-1.877600E-03,-144.416595E-03
-1.874200E-03,-200.018841E-03
-1.870800E-03,-80.358401E-03
-1.867400E-03,-134.314730E-03
-1.864000E-03,-80.358401E-03
-1.860600E-03,-80.358401E-03
-1.857200E-03,-80.358401E-03
-1.853800E-03,-157.810295E-03
-1.850400E-03,-80.358401E-03
-1.847000E-03,-80.358401E-03
-1.843600E-03,-80.358401E-03
-1.840200E-03,-80.358401E-03
-1.836800E-03,-39.451893E-03
-1.833400E-03,-80.358401E-03
-1.830000E-03,-52.612842E-03
-1.826600E-03,-19.015411E-03
-1.823200E-03,-68.688202E-03
-1.819800E-03,-80.358401E-03
-1.816400E-03,-36.135E-06
-1.813000E-03,-36.135E-06
-1.809600E-03,-62.792291E-03
-1.806200E-03,-36.135E-06
-1.802800E-03,-36.135E-06
-1.799400E-03,-36.135E-06
-1.796000E-03,-36.135E-06
-1.792600E-03,-36.135E-06
-1.789200E-03,-36.135E-06
-1.785800E-03,-68.765786E-03
-1.782400E-03,-36.135E-06
-1.779000E-03,-36.135E-06
-1.775600E-03,-70.023784E-03
-1.772200E-03,-36.135E-06
-1.768800E-03,-24.988907E-03
-1.765400E-03,-36.135E-06
-1.762000E-03,-80.358401E-03
-1.758600E-03,-36.135E-06
-1.755200E-03,-36.135E-06
-1.751800E-03,-36.135E-06
-1.748400E-03,-57.328339E-03
-1.745000E-03,+4.169819E-03
-1.741600E-03,-36.135E-06
-1.738200E-03,-36.135E-06
-1.734800E-03,+80.286130E-03
-1.731400E-03,+24.994220E-03
-1.728000E-03,+80.286130E-03
-1.724600E-03,+39.612374E-03
-1.721200E-03,+80.286130E-03
-1.717800E-03,+26.019466E-03
-1.714400E-03,+80.286130E-03
-1.711000E-03,+11.401312E-03
-1.707600E-03,+80.286130E-03
-1.704200E-03,+80.286130E-03
-1.700800E-03,+69.796346E-03
-1.697400E-03,+80.286130E-03
-1.694000E-03,+55.178192E-03
-1.690600E-03,+80.286130E-03
-1.687200E-03,+40.560037E-03
-1.683800E-03,+80.286130E-03
-1.680400E-03,-36.135E-06
-1.677000E-03,+61.617190E-03
-1.673600E-03,+11.323728E-03
-1.670200E-03,+4.014651E-03
-1.666800E-03,+77.027839E-03
-1.663400E-03,+10.531233E-03
-1.660000E-03,+80.286130E-03
-1.656600E-03,+55.100608E-03
-1.653200E-03,+80.286130E-03
-1.649800E-03,+80.286130E-03
-1.646400E-03,+47.076619E-03
-1.643000E-03,-36.135E-06
-1.639600E-03,+61.694773E-03
-1.636200E-03,+80.286130E-03
-1.632800E-03,+76.312928E-03
-1.629400E-03,+76.950256E-03
-1.626000E-03,+69.641178E-03
-1.622600E-03,+80.286130E-03
-1.619200E-03,+25.226971E-03
-1.615800E-03,+32.536048E-03
-1.612400E-03,+80.286130E-03
-1.609000E-03,+80.286130E-03
-1.605600E-03,+54.463280E-03
-1.602200E-03,+61.772357E-03
-1.598800E-03,+11.168561E-03
-1.595400E-03,+3.859483E-03
-1.592000E-03,-36.135E-06
-1.588600E-03,-69.635865E-03
-1.585200E-03,+62.254517E-03
-1.581800E-03,-36.135E-06
-1.578400E-03,+47.636363E-03
-1.575000E-03,+40.327286E-03
-1.571600E-03,-47.304057E-03
-1.568200E-03,-54.613134E-03
-1.564800E-03,+18.400054E-03
-1.561400E-03,-11.163247E-03
-1.558000E-03,-36.135E-06
-1.554600E-03,-36.135E-06
-1.551200E-03,+10.763984E-03
-1.547800E-03,-36.135E-06
-1.544400E-03,-25.454409E-03
-1.541000E-03,-36.135E-06
-1.537600E-03,-36.135E-06
-1.534200E-03,-47.381641E-03
-1.530800E-03,-36.135E-06
-1.527400E-03,-36.135E-06
-1.524000E-03,-36.135E-06
-1.520600E-03,-76.617950E-03
-1.517200E-03,-36.135E-06
-1.513800E-03,-10.913839E-03
-1.510400E-03,-36.135E-06
-1.507000E-03,-36.135E-06
-1.503600E-03,-36.135E-06
-1.500200E-03,-40.150147E-03
-1.496800E-03,-47.459225E-03
-1.493400E-03,-25.626234E-03
-1.490000E-03,-36.135E-06
-1.486600E-03,-11.008080E-03
-1.483200E-03,-36.135E-06
-1.479800E-03,-76.712191E-03
-1.476400E-03,-36.135E-06
-1.473000E-03,-18.300500E-03
-1.469600E-03,-36.135E-06
-1.466200E-03,-65.801173E-03
-1.462800E-03,-40.227731E-03
-1.459400E-03,-32.857728E-03
-1.456000E-03,-51.061166E-03
-1.452600E-03,-18.239573E-03
-1.449200E-03,-80.358401E-03
-1.445800E-03,-80.358401E-03
-1.442400E-03,-76.634607E-03
-1.439000E-03,-160.680667E-03
-1.435600E-03,-123.996770E-03
-1.432200E-03,-36.135E-06
-1.428800E-03,-127.720564E-03
-1.425400E-03,-80.358401E-03
-1.422000E-03,-80.358401E-03
-1.418600E-03,-54.923469E-03
-1.415200E-03,-80.358401E-03
-1.411800E-03,-160.680667E-03
-1.408400E-03,-80.358401E-03
-1.405000E-03,-80.358401E-03
-1.401600E-03,-80.358401E-03
-1.398200E-03,-80.358401E-03
-1.394800E-03,-80.358401E-03
-1.391400E-03,-80.358401E-03
-1.388000E-03,-80.358401E-03
-1.384600E-03,-80.358401E-03
-1.381200E-03,-105.715749E-03
-1.377800E-03,-62.310130E-03
-1.374400E-03,-69.619208E-03
-1.371000E-03,-157.250551E-03
-1.367600E-03,-76.479440E-03
-1.364200E-03,-80.358401E-03
-1.360800E-03,-80.358401E-03
-1.357400E-03,-25.842328E-03
-1.354000E-03,-80.358401E-03
-1.350600E-03,-80.358401E-03
-1.347200E-03,-80.358401E-03
-1.343800E-03,-80.358401E-03
-1.340400E-03,-80.358401E-03
-1.337000E-03,-91.020010E-03
-1.333600E-03,-80.358401E-03
-1.330200E-03,-80.358401E-03
-1.326800E-03,-160.680667E-03
-1.323400E-03,-80.358401E-03
-1.320000E-03,-80.358401E-03
-1.316600E-03,-80.358401E-03
-1.313200E-03,-120.178735E-03
-1.309800E-03,-80.358401E-03
-1.306400E-03,-105.560581E-03
-1.303000E-03,-142.787564E-03
-1.299600E-03,-80.358401E-03
-1.296200E-03,-80.358401E-03
-1.292800E-03,-84.392530E-03
-1.289400E-03,-69.015195E-03
-1.286000E-03,-80.358401E-03
-1.282600E-03,-25.997496E-03
-1.279200E-03,-80.358401E-03
-1.275800E-03,-80.358401E-03
-1.272400E-03,-80.358401E-03
-1.269000E-03,-105.482997E-03
-1.265600E-03,-80.358401E-03
-1.262200E-03,-69.851959E-03
-1.258800E-03,-77.161036E-03
-1.255400E-03,-156.568954E-03
-1.252000E-03,-68.937611E-03
-1.248600E-03,-80.358401E-03
-1.245200E-03,-80.358401E-03
-1.241800E-03,-80.358401E-03
-1.238400E-03,-39.701302E-03
-1.235000E-03,-64.748315E-03
-1.231600E-03,-55.311388E-03
-1.228200E-03,-17.774071E-03
-1.224800E-03,-69.929543E-03
-1.221400E-03,-3.155916E-03
-1.218000E-03,-80.358401E-03
-1.214600E-03,-80.358401E-03
-1.211200E-03,-37.651037E-03
-1.207800E-03,-106.474929E-03
-1.204400E-03,-46.932796E-03
-1.201000E-03,-40.770818E-03
-1.197600E-03,-32.314641E-03
-1.194200E-03,-55.388972E-03
-1.190800E-03,-125.359963E-03
-1.187400E-03,-10.387410E-03
-1.184000E-03,-36.135E-06
-1.180600E-03,-80.358401E-03
-1.177200E-03,-11.612093E-03
-1.173800E-03,-18.921170E-03
-1.170400E-03,-26.230247E-03
-1.167000E-03,-36.135E-06
-1.163600E-03,-39.546135E-03
-1.160200E-03,-36.135E-06
-1.156800E-03,-36.135E-06
-1.153400E-03,-36.135E-06
-1.150000E-03,-36.135E-06
-1.146600E-03,-80.358401E-03
-1.143200E-03,-36.135E-06
-1.139800E-03,-36.135E-06
-1.136400E-03,-18.998754E-03
-1.133000E-03,-36.135E-06
-1.129600E-03,-80.358401E-03
-1.126200E-03,-36.135E-06
-1.122800E-03,-36.135E-06
-1.119400E-03,-36.135E-06
-1.116000E-03,-36.135E-06
-1.112600E-03,-70.162294E-03
-1.109200E-03,-77.471371E-03
-1.105800E-03,-36.135E-06
-1.102400E-03,-68.627276E-03
-1.099000E-03,-36.135E-06
-1.095600E-03,-36.135E-06
-1.092200E-03,-36.135E-06
-1.088800E-03,-36.135E-06
-1.085400E-03,-36.135E-06
-1.082000E-03,-36.135E-06
-1.078600E-03,-36.135E-06
-1.075200E-03,-36.135E-06
-1.071800E-03,-36.135E-06
-1.068400E-03,-36.135E-06
-1.065000E-03,-36.135E-06
-1.061600E-03,-36.135E-06
-1.058200E-03,-36.135E-06
-1.054800E-03,-33.772076E-03
-1.051400E-03,-36.135E-06
-1.048000E-03,-36.135E-06
-1.044600E-03,-36.135E-06
-1.041200E-03,-17.386152E-03
-1.037800E-03,-36.135E-06
-1.034400E-03,-36.135E-06
-1.031000E-03,-36.135E-06
-1.027600E-03,-36.135E-06
-1.024200E-03,-36.135E-06
-1.020800E-03,-36.135E-06
-1.017400E-03,-36.135E-06
-1.014000E-03,-36.135E-06
-1.010600E-03,-31.926722E-03
-1.007200E-03,-36.135E-06
-1.003800E-03,-63.085968E-03
-1.000400E-03,-36.135E-06
-997.000E-06,-36.135E-06
-993.600E-06,-36.135E-06
-990.200E-06,-80.358401E-03
-986.800E-06,-36.135E-06
-983.400E-06,-36.135E-06
-980.000E-06,-36.135E-06
-976.600E-06,-41.236320E-03
-973.200E-06,-48.545398E-03
-969.800E-06,-36.135E-06
-966.400E-06,-63.163552E-03
-963.000E-06,-19.807679E-03
-959.600E-06,-36.135E-06
-956.200E-06,-36.135E-06
-952.800E-06,-68.316941E-03
-949.400E-06,-36.135E-06
-946.000E-06,-26.695750E-03
-942.600E-06,-36.135E-06
-939.200E-06,-36.135E-06
-935.800E-06,-36.135E-06
-932.400E-06,-36.135E-06
-929.000E-06,-36.135E-06
-925.600E-06,-70.550213E-03
-922.200E-06,-36.135E-06
-918.800E-06,-75.548434E-03
-915.400E-06,-36.135E-06
-912.000E-06,-19.464256E-03
-908.600E-06,-80.358401E-03
-905.200E-06,-36.135E-06
-901.800E-06,-39.003048E-03
-898.400E-06,-36.135E-06
-895.000E-06,-36.135E-06
-891.600E-06,-17.075817E-03
-888.200E-06,-36.135E-06
-884.800E-06,-36.135E-06
-881.400E-06,-36.135E-06
-878.000E-06,-136.287411E-03
-874.600E-06,-36.135E-06
-871.200E-06,-36.135E-06
-867.800E-06,-80.358401E-03
-864.400E-06,-82.902008E-03
-861.000E-06,-31.616387E-03
-857.600E-06,-80.358401E-03
-854.200E-06,-36.135E-06
-850.800E-06,-36.135E-06
-847.400E-06,-80.358401E-03
-844.000E-06,-80.358401E-03
-840.600E-06,-36.135E-06
-837.200E-06,-19.619424E-03
-833.800E-06,-53.466035E-03
-830.400E-06,-36.135E-06
-827.000E-06,-77.659626E-03
-823.600E-06,-36.135E-06
-820.200E-06,-36.135E-06
-816.800E-06,-36.135E-06
-813.400E-06,-9.611572E-03
-810.000E-06,-78.092042E-03
-806.600E-06,-80.358401E-03
-803.200E-06,-36.135E-06
-799.800E-06,-60.697529E-03
-796.400E-06,-53.388451E-03
-793.000E-06,-80.358401E-03
-789.600E-06,-38.770297E-03
-786.200E-06,-48.933317E-03
-782.800E-06,-24.152142E-03
-779.400E-06,-127.066807E-03
-776.000E-06,-70.860548E-03
-772.600E-06,-78.169625E-03
-769.200E-06,-80.358401E-03
-765.800E-06,-12.465514E-03
-762.400E-06,-80.358401E-03
-759.000E-06,-133.633133E-03
-755.600E-06,-34.392746E-03
-752.200E-06,-41.701823E-03
-748.800E-06,-36.135E-06
-745.400E-06,-36.135E-06
-742.000E-06,-80.358401E-03
-738.600E-06,-36.135E-06
-735.200E-06,-78.247209E-03
-731.800E-06,-75.160515E-03
-728.400E-06,-67.851438E-03
-725.000E-06,-36.135E-06
-721.600E-06,-36.135E-06
-718.200E-06,-34.470330E-03
-714.800E-06,-41.779407E-03
-711.400E-06,-31.306052E-03
-708.000E-06,-36.135E-06
-704.600E-06,-80.358401E-03
-701.200E-06,-71.015716E-03
-697.800E-06,-78.324793E-03
-694.400E-06,-80.358401E-03
-691.000E-06,-25.205228E-03
-687.600E-06,-80.358401E-03
-684.200E-06,-36.135E-06
-680.800E-06,-80.358401E-03
-677.400E-06,-38.537545E-03
-674.000E-06,-36.135E-06
-670.600E-06,-56.475145E-03
-667.200E-06,-36.135E-06
-663.800E-06,-36.135E-06
-660.400E-06,-80.358401E-03
-657.000E-06,-80.358401E-03
-653.600E-06,-67.696271E-03
-650.200E-06,-20.007343E-03
-646.800E-06,-27.316420E-03
-643.400E-06,-34.625497E-03
-640.000E-06,-41.934575E-03
-636.600E-06,-80.358401E-03
-633.200E-06,-56.552729E-03
-629.800E-06,-16.532730E-03
-626.400E-06,-80.358401E-03
-623.000E-06,-1.914576E-03
-619.600E-06,-5.466772E-03
-616.200E-06,-12.775849E-03
-612.800E-06,-20.084927E-03
-609.400E-06,-27.394004E-03
-606.000E-06,-69.370027E-03
-602.600E-06,-36.135E-06
-599.200E-06,-36.135E-06
-595.800E-06,-56.630313E-03
-592.400E-06,-80.358401E-03
-589.000E-06,-80.358401E-03
-585.600E-06,-78.557544E-03
-582.200E-06,-80.358401E-03
-578.800E-06,-36.135E-06
-575.400E-06,-36.135E-06
-572.000E-06,-36.135E-06
-568.600E-06,-34.780665E-03
-565.200E-06,-36.135E-06
-561.800E-06,-49.398819E-03
-558.400E-06,-56.707897E-03
-555.000E-06,-16.377562E-03
-551.600E-06,-71.326051E-03
-548.200E-06,-78.635128E-03
-544.800E-06,-11.207744E-03
-541.400E-06,-67.463519E-03
-538.000E-06,-60.154442E-03
-534.600E-06,-27.549171E-03
-531.200E-06,-36.135E-06
-527.800E-06,-84.298516E-03
-524.400E-06,-80.358401E-03
-521.000E-06,-36.135E-06
-517.600E-06,-36.135E-06
-514.200E-06,-71.403635E-03
-510.800E-06,-36.135E-06
-507.400E-06,-80.358401E-03
-504.000E-06,-36.135E-06
-500.600E-06,-80.358401E-03
-497.200E-06,-36.135E-06
-493.800E-06,-36.135E-06
-490.400E-06,-36.135E-06
-487.000E-06,-36.135E-06
-483.600E-06,-36.135E-06
-480.200E-06,-36.135E-06
-476.800E-06,-36.135E-06
-473.400E-06,-3.172346E-03
-470.000E-06,-36.135E-06
-466.600E-06,-67.308352E-03
-463.200E-06,-59.999274E-03
-459.800E-06,-27.704339E-03
-456.400E-06,-36.135E-06
-453.000E-06,-36.135E-06
-449.600E-06,-36.135E-06
-446.200E-06,-36.135E-06
-442.800E-06,-64.249725E-03
-439.400E-06,-71.558802E-03
-436.000E-06,-1.526657E-03
-432.600E-06,-36.135E-06
-429.200E-06,-13.163768E-03
-425.800E-06,-36.135E-06
-422.400E-06,-36.135E-06
-419.000E-06,-36.135E-06
-415.600E-06,-75.952783E-03
-412.200E-06,-30.685382E-03
-408.800E-06,-36.135E-06
-405.400E-06,-64.327309E-03
-402.000E-06,-80.358401E-03
-398.600E-06,-36.135E-06
-395.200E-06,-36.135E-06
-391.800E-06,-36.135E-06
-388.400E-06,-20.550429E-03
-385.000E-06,-52.535030E-03
-381.600E-06,-35.168584E-03
-378.200E-06,-36.135E-06
-374.800E-06,-36.135E-06
-371.400E-06,-57.095815E-03
-368.000E-06,-36.135E-06
-364.600E-06,-8.680566E-03
-361.200E-06,-36.135E-06
-357.800E-06,-36.135E-06
-354.400E-06,-36.135E-06
-351.000E-06,-59.766523E-03
-347.600E-06,-52.457446E-03
-344.200E-06,-36.135E-06
-340.800E-06,-37.839291E-03
-337.400E-06,-49.864322E-03
-334.000E-06,-36.135E-06
-330.600E-06,-64.482476E-03
-327.200E-06,-36.135E-06
-323.800E-06,-1.293905E-03
-320.400E-06,-36.135E-06
-317.000E-06,-13.396520E-03
-313.600E-06,-36.135E-06
-310.200E-06,-52.379862E-03
-306.800E-06,-36.135E-06
-303.400E-06,-42.632829E-03
-300.000E-06,-36.135E-06
-296.600E-06,-36.135E-06
-293.200E-06,-36.135E-06
-289.800E-06,-71.869137E-03
-286.400E-06,-36.135E-06
-283.000E-06,-6.165026E-03
-279.600E-06,-80.358401E-03
-276.200E-06,-20.783181E-03
-272.800E-06,-36.135E-06
-269.400E-06,-36.135E-06
-266.000E-06,-37.684124E-03
-262.600E-06,-36.135E-06
-259.200E-06,-23.065969E-03
-255.800E-06,-36.135E-06
-252.400E-06,-36.135E-06
-249.000E-06,-36.135E-06
-245.600E-06,-86.564876E-03
-242.200E-06,-27.067239E-03
-238.800E-06,-38.709142E-03
-235.400E-06,-52.224695E-03
-232.000E-06,-36.135E-06
-228.600E-06,-36.135E-06
-225.200E-06,-50.097073E-03
-221.800E-06,-36.135E-06
-218.400E-06,-64.715228E-03
-215.000E-06,-36.135E-06
-211.600E-06,-79.333382E-03
-208.200E-06,-36.135E-06
-204.800E-06,-36.135E-06
-201.400E-06,-20.938348E-03
-198.000E-06,-28.247426E-03
-194.600E-06,-35.556503E-03
-191.200E-06,-36.135E-06
-187.800E-06,-30.219879E-03
-184.400E-06,-36.135E-06
-181.000E-06,-64.792812E-03
-177.600E-06,-80.358401E-03
-174.200E-06,-983.570E-06
-170.800E-06,-36.135E-06
-167.400E-06,-36.135E-06
-164.000E-06,-21.015932E-03
-160.600E-06,-36.135E-06
-157.200E-06,-36.135E-06
-153.800E-06,-36.135E-06
-150.400E-06,-36.135E-06
-147.000E-06,-57.561318E-03
-143.600E-06,-64.870395E-03
-140.200E-06,-72.179473E-03
-136.800E-06,-36.135E-06
-133.400E-06,-6.475361E-03
-130.000E-06,-13.784439E-03
-126.600E-06,-80.358401E-03
-123.200E-06,-36.135E-06
-119.800E-06,-36.135E-06
-116.400E-06,-43.020748E-03
-113.000E-06,-36.135E-06
-109.600E-06,-22.755634E-03
-106.200E-06,-15.446557E-03
-102.800E-06,-72.257056E-03
-99.400E-06,-80.358401E-03
-96.000E-06,-36.135E-06
-92.600E-06,-66.532514E-03
-89.200E-06,-36.135E-06
-85.800E-06,-28.480177E-03
-82.400E-06,-44.605282E-03
-79.000E-06,-43.098331E-03
-75.600E-06,-36.135E-06
-72.200E-06,-36.135E-06
-68.800E-06,-65.025563E-03
-65.400E-06,-80.358401E-03
-62.000E-06,-750.819E-06
-58.600E-06,-36.135E-06
-55.200E-06,-13.939606E-03
-51.800E-06,-36.135E-06
-48.400E-06,-51.836776E-03
-45.000E-06,-36.135E-06
-41.600E-06,-36.135E-06
-38.200E-06,-36.135E-06
-34.800E-06,-36.135E-06
-31.400E-06,+49.775622E-03
-28.000E-06,-36.135E-06
-24.600E-06,-160.043567E-03
-21.200E-06,-73.686423E-03
-17.800E-06,-36.135E-06
-14.400E-06,-21.326267E-03
-11.000E-06,-108.957610E-03
-7.600E-06,-36.135E-06
-4.200E-06,-80.358401E-03
-800E-09,-36.135E-06
+2.600E-06,+4.979944333E+00
+6.000E-06,+4.914799738E+00
+9.400E-06,+4.899622068E+00
+12.800E-06,+4.899622068E+00
+16.200E-06,+4.892872507E+00
+19.600E-06,+4.899622068E+00
+23.000E-06,+4.819299802E+00
+26.400E-06,+4.767654330E+00
+29.800E-06,+4.738977537E+00
+33.200E-06,+4.701950218E+00
+36.600E-06,+4.658655271E+00
